openlmisId,dhis2OrgUnitId
26d0879c-3b55-4b45-bd8f-d1557be4e8c2,Zf80p5uxZzY
e4f1dc94-87f8-4987-88b9-31c51ad28010,MSU7rf6TIGv
e40585b2-786d-47f2-9afb-375b3397efee,B0wClIBLZbC
7a96246c-08b0-447f-92e1-1d4da3e3f032,pLBwPI9z5IP
edb61ca2-2b5c-4dcf-b1e3-9a378aea8c04,Bugi1XNPUmY
2be86366-e90f-4ba0-a7ab-3917e3ae9ad5,hBZBKFxwpx7
e5a34bfa-100e-44b0-bd96-85b1e9db4267,kVCF2gba2VY
724e6853-fe5b-4233-b81b-d5c7ed4dbb62,IhyHvcsNHUj
a98ba0a0-3554-4632-a1ae-5556bf924b0b,U7QtQVpXVBv
a98ba0a0-3554-4632-a1ae-5556bf924b0b,WkRLX83MIn1
a98ba0a0-3554-4632-a1ae-5556bf924b0b,rQxRdGT9UjY
a98ba0a0-3554-4632-a1ae-5556bf924b0b,qegN158DIyK
a98ba0a0-3554-4632-a1ae-5556bf924b0b,cxOlbwu1OoZ
17adfbcf-786f-4661-889c-c4aa8443963f,Apq45rYr7L0
4358f1b3-583f-43ba-ad29-6625a1c0101f,vp4Jy86AHAG
ec146506-72e7-4b10-998c-eb906e1c08ae,XEs2RNNjNhr
ec146506-72e7-4b10-998c-eb906e1c08ae,yVnxZ2TyCmQ
d56baf70-3c29-4bef-ae4b-c1427023c369,fETlmnE0xa0
844d99f2-274d-4f69-b444-d3a7a7fad506,pPxvt7P8R9S
40ce5744-a8a2-4b12-935d-92c95da0005d,QEKCCNv0a1C
40ce5744-a8a2-4b12-935d-92c95da0005d,hBitdN2fc9F
40ce5744-a8a2-4b12-935d-92c95da0005d,iHhiRYrti1M
40ce5744-a8a2-4b12-935d-92c95da0005d,qyXI8TLv6Zy
d7a82f41-7a1e-4140-94dc-1930c3a39266,Vmixt5dRIqg
1c0a6ecc-af54-40a1-8b0d-f5c7614410f7,AeZKljGtPVC
2720b125-96c4-42d8-b435-6d204f9927b0,F08BBaFb1dh
